2,0xFF7B2E
1492,0xFB3434
5055,0x20A27E
7349,0xE3007E
7714,0xF40009
11073,0xFF0077
13046,0xF8285C
14082,0xF8D324
43536,0x75ACE5
51766,0xF04FF7
52250,0x746979
63231,0xE8390D
81192,0xFF9300
110631,0x592222
116683,0xE81F18
122879,0xF7852B
137952,0xCB0014
168598,0xE53836
183430,0x70A09E
185546,0x129E5A
198439,0x5D9CC8
208259,0xE3007E
212230,0xE3007E
216025,0xFF0077
221648,0x6091A6
227933,0xF48A34
234256,0xDB4630
234782,0xF84CBA
253752,0xFCD209
256763,0xF63E3F
268104,0x2672EC
275981,0x5A9A0D
282994,0x746979
283538,0xCAB691
284120,0x01B0FF
284424,0x69A3E2
295723,0xF07530
301940,0x4297CF
322892,0xE81F18
367877,0x1F9E13
373240,0xCB0014
374377,0x3CB034
375375,0x444444
378034,0x10AE29
385474,0xFAE300
391679,0xFF8000
398510,0x54135D
419220,0x57C5FA
423442,0x129E5A
423895,0xFF7B2E
429251,0xEDB336
433351,0x20A27E
466272,0xF8285C
477132,0xF67B92
486183,0x843438
499023,0xF84CBA
512480,0xFCD209
521444,0xF08300
546195,0x285C9B
562197,0x932F47
585267,0x746979
614735,0xF07530
617285,0xFF9300
634131,0xEC8558
684169,0x0CAEF2
686127,0xBB1B0B
689753,0x74CCF6
730732,0xCB0014
732364,0x3CB034
748709,0x7289DA
777536,0x214873
808171,0x54135D
833133,0x129E5A
883968,0xA3A201
893053,0xFF0070
927587,0x327ED3
928123,0x285C9B
1293653,0x01B0FF
1328260,0x592222
1381545,0xF7852B
1398957,0x0DB22B
1438811,0x1F9E13
1467772,0x90DAF9
1473830,0xFB8AA6
1473830,0x10AE29
1532165,0xFE01A9
1565155,0xE74A05
1577804,0x54135D
1605721,0x70A09E
1643718,0x129E5A
1740850,0xE3007E
1770706,0x00FF70
1791101,0xF8D324
1885078,0xE53836
1893045,0xFF5959
1935882,0xA4C639
1939319,0xF63E3F
1950209,0x327ED3
1951038,0x285C9B
2019740,0x5A9A0D
2103351,0x3E3E58
2206456,0x7CBBDB
2284412,0x0DB22B
2306780,0x1F9E13
2374194,0x3CB034
2403047,0x7289DA
2508135,0x57C5FA
2728123,0xE3007E
2733216,0xE3007E
2735222,0xFF0077
2821930,0x0081D7
2929048,0x285C9B
2948981,0x5A9A0D
2949989,0x339900
3032988,0xDF574E
3331521,0x7CBBDB
3334179,0x44A84A
3379951,0x0A6ED2
3380239,0x0CAEF2
3517981,0x90DAF9
3682229,0xB818DF
3760773,0x54135D
3766866,0x97DD75
4059920,0x20A27E
4128618,0x00FF70
4162287,0xE81C1D
4397552,0xFF5959
4408538,0xFCD209
4469745,0x803EDE
4474705,0x285C9B
4537274,0xE1551C
4548018,0xF04FF7
4578433,0x0891BD
4856007,0xEC8558
5293668,0x44A84A
5581898,0xEB6100
5957440,0x214873
6075139,0x54135D
6154152,0x57C5FA
6171645,0x674288
6229277,0x5D9CC8
6272357,0xE3007E
6534506,0xF8285C
6813499,0xFF5959
6857104,0xFCD209
6997378,0xE1551C
7005369,0x5A9A0D
7458285,0xE81F18
7487399,0xAF8010
7584632,0x0A6ED2
7596516,0x0CAEF2
7792521,0x3CB034
7875104,0xFAE300
8011552,0x54135D
8034163,0x97DD75
8047632,0x57C5FA
8203920,0x20A27E
8366990,0xE3007E
8491103,0xF8D324
8578857,0x0081D7
8581342,0xDB4630
8679425,0xE53836
8960728,0x746979
9008159,0x0891BD
9097604,0xF07530
9550310,0x44A84A
9617619,0xCE5018
9824766,0x0A6ED2
10303206,0x214873
10330740,0xFF8000
10345615,0xB818DF
10462362,0x97DD75
10465808,0x57C5FA
10558098,0x129E5A
10804055,0xFB3434
10942427,0xFF0070
11229785,0xDB4630
11264229,0xFF5959
11278782,0xA4C639
11284967,0xF63E3F
11336264,0x803EDE
11684516,0x7BA843
11870568,0xEC8558
11938498,0xEC8558
12177425,0xFF8000
12444306,0x0CAEF2
12633655,0x33A206
13705279,0x5D9CC8
13763303,0xFB3434
13934589,0xFF0077
14110780,0xDB4630
14254182,0xE53836
14333871,0xA4C639
14558631,0x2672EC
14781644,0x746979
15773384,0xEC8558
15834498,0x592222
15967711,0x592222
16307541,0xF7852B
16351122,0x0A6ED2
16539048,0xBB1B0B
16772963,0xCB0014
16794231,0x6091A6
17171565,0xEDD277
17244618,0xB818DF
17409016,0x70A09E
17819768,0xE3007E
18020792,0xF40009
18030567,0xFF0077
18202105,0x1BCB95
18739124,0xDB4630
19071708,0xFF5959
19419058,0xc3625b
19456751,0x803EDE
19577966,0x285C9B
19696996,0x746979
19738891,0xCAB691
20165629,0xDD0201
20503549,0xF77A92
20646254,0xBB1B0B
20990353,0x90DAF9
21330948,0xE1829A
21837784,0xFF7B2E
22245135,0x5D9CC8
22344481,0xFB3434
22500342,0x20A27E
23365215,0xF48A34
23920239,0xFF5959
24754667,0x75ACE5
24790535,0x5A9A0D
25416280,0xE8390D
25876945,0x225922
26023642,0xAF8010
26253404,0xCE5018
26424461,0x0DB22B
26633150,0x1F9E13
26669400,0x00B0FF
26673659,0xCB0014
27218150,0x214873
27534330,0xF9D817
27580511,0x54135D
28822227,0x0081D7
30625977,0xCAB691
30643878,0x01B0FF
32365949,0xAF8010
32606879,0xF7852B
32786875,0x74CCF6
32820037,0x33A206
33683045,0x7289DA
34149649,0xAF8010
34858100,0x97DD75
35581334,0xFF0077
35643203,0x00FF70
35789774,0x1BCB95
35836017,0xF48A34
36081646,0x88C6ED
36825256,0xF58231
37946996,0x4297CF
38920056,0x592222
39247212,0x44A84A
39304265,0xCE5018
39847479,0xF7852B
40966108,0x10AE29
41273726,0xFAE300
43389575,0xF9D817
49494871,0xF8D324
50329118,0xC6E16C
51705359,0xF63E3F
51896064,0x58B879
58852835,0xEC8558
62540916,0xE81F18
63023562,0xFF8000
64925986,0xF77A92
79061224,0xB818DF
79415852,0x9AA0A4
85318798,0x129E5A
86644929,0xFB3434
89847338,0x00FF70
94114029,0xE53836
95205039,0x327ED3
96145884,0x746979
99157282,0x592222
99748932,0x003178
104207471,0x33A206
123938419,0x9AA0A4
161419374,0xF84CBA
163637592,0xf70709
164139557,0xFCD209
174501086,0xE1551C
175861153,0x339900
176037767,0x746979
178778949,0x4297CF
191388711,0x222259
196356191,0xE46707
211005705,0x1F9E13
216623621,0x3CB034
223958603,0xFF8000
231048690,0xF9D817
247743458,0xE3007E
250858633,0xDD0201
258150656,0x3CB44B
258844831,0x1BCB95
287003199,0xFCD209
289887832,0xF08300
290526283,0xA4C639
295711424,0x327ED3
306455387,0x0F8C2E
314791153,0x2672EC
328303954,0xF04FF7
384212323,0x33534F
386043247,0xE6BAA2
436473455,0xD285B2
455876411,0xC84F10
517327498,0x2B69B1
